"#FILE","SEQUENCE","START","END","STRAND","GENE","COVERAGE","COVERAGE_MAP","GAPS","%COVERAGE","%IDENTITY","DATABASE","ACCESSION","PRODUCT","RESISTANCE","genome_name"
"1708-29120.fasta","NZ_CP054855.1",775655,776415,"+","cphA-4","1-762/765","========/======","1/1",99.48,95.41,"ncbi","NG_050397.1","subclass B2 metallo-beta-lactamase CphA-4","CARBAPENEM","1708-29120"
"1708-29120.fasta","NZ_CP054855.1",2214180,2215016,"-","aph(6)-Id","1-837/837","===============","0/0",100,100,"ncbi","NG_047464.1","aminoglycoside O-phosphotransferase APH(6)-Id","STREPTOMYCIN","1708-29120"
"1708-29120.fasta","NZ_CP054855.1",2215016,2215818,"-","aph(3'')-Ib","2-804/804","===============","0/0",99.88,100,"ncbi","NG_047413.1","aminoglycoside O-phosphotransferase APH(3'')-Ib","STREPTOMYCIN","1708-29120"
"1708-29120.fasta","NZ_CP054855.1",2221611,2222825,"+","floR","1-1215/1215","===============","0/0",100,99.92,"ncbi","NG_047877.1","chloramphenicol/florfenicol efflux MFS transporter FloR","CHLORAMPHENICOL;FLORFENICOL","1708-29120"
"1708-29120.fasta","NZ_CP054855.1",2228164,2228637,"-","dfrA14","1-474/474","===============","0/0",100,100,"ncbi","NG_056035.1","trimethoprim-resistant dihydrofolate reductase DfrA14","TRIMETHOPRIM","1708-29120"
"1708-29120.fasta","NZ_CP054855.1",2228705,2229238,"-","ant(2'')-Ia","1-534/534","===============","0/0",100,100,"ncbi","NG_047387.1","aminoglycoside nucleotidyltransferase ANT(2'')-Ia","GENTAMICIN;KANAMYCIN;TOBRAMYCIN","1708-29120"
"1708-29120.fasta","NZ_CP054855.1",2229383,2230282,"-","blaVEB-1","1-900/900","===============","0/0",100,100,"ncbi","NG_050317.1","inhibitor-resistant extended-spectrum class A beta-lactamase VEB-1","CEPHALOSPORIN","1708-29120"
"1708-29120.fasta","NZ_CP054855.1",2230401,2231660,"-","cmlA5","1-1260/1260","===============","0/0",100,100,"ncbi","NG_051436.1","chloramphenicol efflux MFS transporter CmlA5","CHLORAMPHENICOL","1708-29120"
"1708-29120.fasta","NZ_CP054855.1",2231875,2232429,"-","aac(6')-Ib-AKT","1-555/555","===============","0/0",100,99.82,"ncbi","NG_052262.1","AAC(6')-Ib family aminoglycoside 6'-N-acetyltransferase","AMIKACIN;KANAMYCIN;TOBRAMYCIN","1708-29120"
"1708-29120.fasta","NZ_CP054855.1",2233107,2233763,"-","qnrVC4","1-657/657","===============","0/0",100,100,"ncbi","NG_050553.1","quinolone resistance pentapeptide repeat protein QnrVC4","QUINOLONE","1708-29120"
"1708-29120.fasta","NZ_CP054855.1",3967429,3968646,"-","tet(E)","1-1218/1218","===============","0/0",100,99.92,"ncbi","NG_048186.1","tetracycline efflux MFS transporter Tet(E)","TETRACYCLINE","1708-29120"
"1708-29120.fasta","NZ_CP054855.1",4454836,4455630,"+","blaOXA-959","1-795/795","===============","0/0",100,96.86,"ncbi","NG_074737.1","OXA-12 family class D beta-lactamase OXA-959","BETA-LACTAM","1708-29120"
"183026.fasta","NZ_CP072325.1",823251,824009,"+","cphA-15","1-759/765","===============","0/0",99.22,95.92,"ncbi","NG_245194.1","subclass B2 metallo-beta-lactamase CphA-15","CARBAPENEM","183026"
"183026.fasta","NZ_CP072325.1",4499535,4500329,"+","blaOXA-1157","1-795/795","===============","0/0",100,97.74,"ncbi","NG_148645.1","OXA-12 family class D beta-lactamase OXA-1157","BETA-LACTAM","183026"
"183026.fasta","NZ_CP072325.1",4529616,4530875,"+","cmlA5","1-1260/1260","===============","0/0",100,100,"ncbi","NG_051436.1","chloramphenicol efflux MFS transporter CmlA5","CHLORAMPHENICOL","183026"
"183026.fasta","NZ_CP072325.1",4531140,4531940,"+","blaOXA-10","1-801/801","===============","0/0",100,100,"ncbi","NG_049393.1","oxacillin-hydrolyzing class D beta-lactamase OXA-10","CEPHALOSPORIN","183026"
"183026.fasta","NZ_CP072325.1",4531957,4532748,"+","aadA1","1-792/792","===============","0/0",100,99.87,"ncbi","NG_047325.1","ANT(3'')-Ia family aminoglycoside nucleotidyltransferase AadA1","STREPTOMYCIN","183026"
"183026.fasta","NZ_CP072325.1",4533253,4534091,"+","sul1","1-840/840","========/======","1/1",99.88,99.88,"ncbi","NG_048082.1","sulfonamide-resistant dihydropteroate synthase Sul1","SULFONAMIDE","183026"
"183026.fasta","NZ_CP072325.1",4536419,4536982,"+","dfrA10","1-564/564","===============","0/0",100,100,"ncbi","NG_047686.1","trimethoprim-resistant dihydrofolate reductase DfrA10","TRIMETHOPRIM","183026"
"183026.fasta","NZ_CP072325.1",4537360,4538199,"+","sul1","1-840/840","===============","0/0",100,100,"ncbi","NG_048082.1","sulfonamide-resistant dihydropteroate synthase Sul1","SULFONAMIDE","183026"
"183026.fasta","NZ_CP072325.1",4542932,4544131,"+","tet(A)","1-1200/1200","===============","0/0",100,100,"ncbi","NG_048156.1","tetracycline efflux MFS transporter Tet(A)","TETRACYCLINE","183026"
"ANYA_13997.fasta","NZ_CP121854.1",609575,610339,"+","cphA-16","1-765/765","===============","0/0",100,96.21,"ncbi","NG_047666.1","subclass B2 metallo-beta-lactamase CphA-16","CARBAPENEM","ANYA_13997"
"ANYA_13997.fasta","NZ_CP121854.1",3843087,3844304,"-","tet(E)","1-1218/1218","===============","0/0",100,99.92,"ncbi","NG_048186.1","tetracycline efflux MFS transporter Tet(E)","TETRACYCLINE","ANYA_13997"
"ANYA_13997.fasta","NZ_CP121854.1",4320215,4321009,"+","blaOXA-1157","1-795/795","===============","0/0",100,97.61,"ncbi","NG_148645.1","OXA-12 family class D beta-lactamase OXA-1157","BETA-LACTAM","ANYA_13997"
"ANYA_14430.fasta","NZ_CP121848.1",1892448,1893211,"-","cphA-14","1-764/765","===============","0/0",99.87,95.29,"ncbi","NG_245193.1","subclass B2 metallo-beta-lactamase CphA-14","CARBAPENEM","ANYA_14430"
"ANYA_14430.fasta","NZ_CP121848.1",2760060,2760854,"-","blaOXA-1157","1-795/795","===============","0/0",100,97.48,"ncbi","NG_148645.1","OXA-12 family class D beta-lactamase OXA-1157","BETA-LACTAM","ANYA_14430"
"ANYA_18196.fasta","NZ_CP121841.1",465581,466375,"+","blaOXA-912","1-795/795","===============","0/0",100,99.12,"ncbi","NG_068183.1","OXA-12 family class D beta-lactamase OXA-912","BETA-LACTAM","ANYA_18196"
"ANYA_18196.fasta","NZ_CP121841.1",973327,974544,"+","tet(E)","1-1218/1218","===============","0/0",100,99.92,"ncbi","NG_048186.1","tetracycline efflux MFS transporter Tet(E)","TETRACYCLINE","ANYA_18196"
"ANYA_18196.fasta","NZ_CP121841.1",4166310,4167073,"-","cphA-16","1-764/765","===============","0/0",99.87,95.42,"ncbi","NG_047666.1","subclass B2 metallo-beta-lactamase CphA-16","CARBAPENEM","ANYA_18196"
"AV0110.fasta","NZ_CP196964.1",816770,817534,"+","cphA-16","1-765/765","===============","0/0",100,95.42,"ncbi","NG_047666.1","subclass B2 metallo-beta-lactamase CphA-16","CARBAPENEM","AV0110"
"AV0110.fasta","NZ_CP196964.1",4621485,4622279,"+","blaOXA-1162","1-795/795","===============","0/0",100,98.36,"ncbi","NG_148650.1","OXA-12 family class D beta-lactamase OXA-1162","BETA-LACTAM","AV0110"
"AV040.fasta","NZ_CP095841.1",88778,89542,"-","cphA-17","1-765/765","===============","0/0",100,95.69,"ncbi","NG_047670.1","subclass B2 metallo-beta-lactamase CphA-17","CARBAPENEM","AV040"
"AV040.fasta","NZ_CP095841.1",936738,937532,"-","blaOXA-1162","1-795/795","===============","0/0",100,98.11,"ncbi","NG_148650.1","OXA-12 family class D beta-lactamase OXA-1162","BETA-LACTAM","AV040"
"b1-3.fasta","NZ_CP091140.1",816198,816962,"+","cphA-16","1-765/765","===============","0/0",100,96.34,"ncbi","NG_047666.1","subclass B2 metallo-beta-lactamase CphA-16","CARBAPENEM","b1-3"
"b1-3.fasta","NZ_CP091140.1",1124644,1125790,"+","ampC_Asob","1-1147/1149","========/======","8/18",99.04,86.77,"ncbi","NG_047381.1","FOX/MOX family cephalosporin-hydrolyzing class C beta-lactamase","CEPHALOSPORIN","b1-3"
"b1-3.fasta","NZ_CP091140.1",4674200,4674994,"+","blaOXA-1157","1-795/795","===============","0/0",100,96.73,"ncbi","NG_148645.1","OXA-12 family class D beta-lactamase OXA-1157","BETA-LACTAM","b1-3"
"C4.fasta","NZ_CP110364.1",3967410,3968170,"-","cphA-4","1-762/765","========/======","1/1",99.48,96.19,"ncbi","NG_050397.1","subclass B2 metallo-beta-lactamase CphA-4","CARBAPENEM","C4"
"C4.fasta","NZ_CP110364.1",4874609,4875396,"+","blaOXA-912","1-788/795","===============","0/0",99.12,97.21,"ncbi","NG_068183.1","OXA-12 family class D beta-lactamase OXA-912","BETA-LACTAM","C4"
"D3.fasta","NZ_CP186281.1",3687280,3688044,"-","cphA-16","1-765/765","===============","0/0",100,95.16,"ncbi","NG_047666.1","subclass B2 metallo-beta-lactamase CphA-16","CARBAPENEM","D3"
"D3.fasta","NZ_CP186281.1",4533190,4533984,"+","blaOXA-912","1-795/795","===============","0/0",100,97.74,"ncbi","NG_068183.1","OXA-12 family class D beta-lactamase OXA-912","BETA-LACTAM","D3"
"D3.fasta","NZ_CP186282.1",1392,2048,"-","qnrS2","1-657/657","===============","0/0",100,100,"ncbi","NG_050544.1","quinolone resistance pentapeptide repeat protein QnrS2","QUINOLONE","D3"
"FC951.fasta","NZ_CP032839.1",855493,856257,"+","cphA-16","1-765/765","===============","0/0",100,96.47,"ncbi","NG_047666.1","subclass B2 metallo-beta-lactamase CphA-16","CARBAPENEM","FC951"
"FC951.fasta","NZ_CP032839.1",2442025,2443650,"-","mcr-3_set","1-1626/1626","===============","0/0",100,97.85,"ncbi","NG_088379.1","MCR-3-related phosphoethanolamine--lipid A transferase","COLISTIN","FC951"
"FC951.fasta","NZ_CP032839.1",2445225,2446608,"-","mcr-3.16","1-1384/1623","=============..","0/0",85.27,99.78,"ncbi","NG_060517.1","phosphoethanolamine--lipid A transferase MCR-3.16","COLISTIN","FC951"
"FC951.fasta","NZ_CP032839.1",4616691,4617485,"+","blaOXA-1162","1-795/795","===============","0/0",100,98.49,"ncbi","NG_148650.1","OXA-12 family class D beta-lactamase OXA-1162","BETA-LACTAM","FC951"
"FDAARGOS_632.fasta","NZ_CP044060.1",2361331,2362091,"-","cphA-4","1-762/765","========/======","1/1",99.48,95.67,"ncbi","NG_050397.1","subclass B2 metallo-beta-lactamase CphA-4","CARBAPENEM","FDAARGOS_632"
"FDAARGOS_632.fasta","NZ_CP044060.1",3251276,3252070,"-","blaOXA-12","1-795/795","===============","0/0",100,97.99,"ncbi","NG_049418.1","oxacillin-hydrolyzing class D beta-lactamase OXA-12","BETA-LACTAM","FDAARGOS_632"
"Hm21.fasta","NZ_CP059396.1",3834310,3835074,"-","cphA-16","1-765/765","===============","0/0",100,95.95,"ncbi","NG_047666.1","subclass B2 metallo-beta-lactamase CphA-16","CARBAPENEM","Hm21"
"Hm21.fasta","NZ_CP059396.1",4679314,4680108,"+","blaOXA-1162","1-795/795","===============","0/0",100,97.99,"ncbi","NG_148650.1","OXA-12 family class D beta-lactamase OXA-1162","BETA-LACTAM","Hm21"
"Hm22.fasta","NZ_NKWH01000014.1",12541,13305,"-","cphA-16","1-765/765","===============","0/0",100,95.82,"ncbi","NG_047666.1","subclass B2 metallo-beta-lactamase CphA-16","CARBAPENEM","Hm22"
"Hm22.fasta","NZ_NKWH01000026.1",104501,105295,"-","blaOXA-1162","1-795/795","===============","0/0",100,98.87,"ncbi","NG_148650.1","OXA-12 family class D beta-lactamase OXA-1162","BETA-LACTAM","Hm22"
"Ho04-635.fasta","NZ_JBHFNH010000002.1",11058,11852,"+","blaOXA-1433","1-795/795","===============","0/0",100,97.61,"ncbi","NG_246049.1","OXA-12 family class D beta-lactamase OXA-1433","BETA-LACTAM","Ho04-635"
"Ho04-635.fasta","NZ_JBHFNH010000011.1",9102,9866,"-","cphA-16","1-765/765","===============","0/0",100,96.73,"ncbi","NG_047666.1","subclass B2 metallo-beta-lactamase CphA-16","CARBAPENEM","Ho04-635"
"Hv96-22.fasta","NZ_JBHFMY010000014.1",12541,13305,"-","cphA-16","1-765/765","===============","0/0",100,95.82,"ncbi","NG_047666.1","subclass B2 metallo-beta-lactamase CphA-16","CARBAPENEM","Hv96-22"
"Hv96-22.fasta","NZ_JBHFMY010000026.1",104501,105295,"-","blaOXA-1162","1-795/795","===============","0/0",100,98.87,"ncbi","NG_148650.1","OXA-12 family class D beta-lactamase OXA-1162","BETA-LACTAM","Hv96-22"
"Hv98-225.fasta","NZ_JBHFNK010000035.1",11092,11886,"+","blaOXA-912","1-795/795","===============","0/0",100,97.61,"ncbi","NG_068183.1","OXA-12 family class D beta-lactamase OXA-912","BETA-LACTAM","Hv98-225"
"Hv98-225.fasta","NZ_JBHFNK010000047.1",63009,63767,"+","cphA-15","1-759/765","===============","0/0",99.22,95.78,"ncbi","NG_245194.1","subclass B2 metallo-beta-lactamase CphA-15","CARBAPENEM","Hv98-225"
"Hv98-231.fasta","NZ_JBHFNJ010000004.1",105737,106531,"-","blaOXA-1433","1-795/795","===============","0/0",100,97.61,"ncbi","NG_246049.1","OXA-12 family class D beta-lactamase OXA-1433","BETA-LACTAM","Hv98-231"
"Hv98-231.fasta","NZ_JBHFNJ010000013.1",9109,9873,"-","cphA-14","1-765/765","===============","0/0",100,95.56,"ncbi","NG_245193.1","subclass B2 metallo-beta-lactamase CphA-14","CARBAPENEM","Hv98-231"
"Hv98-232.fasta","NZ_JBHFNI010000026.1",11156,11950,"+","blaOXA-1433","1-795/795","===============","0/0",100,97.61,"ncbi","NG_246049.1","OXA-12 family class D beta-lactamase OXA-1433","BETA-LACTAM","Hv98-232"
"Hv98-232.fasta","NZ_JBHFNI010000034.1",24840,25604,"+","cphA-14","1-765/765","===============","0/0",100,95.56,"ncbi","NG_245193.1","subclass B2 metallo-beta-lactamase CphA-14","CARBAPENEM","Hv98-232"
"Hv98-241.fasta","NZ_JBHFNG010000004.1",87483,88277,"-","blaOXA-1157","1-795/795","===============","0/0",100,96.48,"ncbi","NG_148645.1","OXA-12 family class D beta-lactamase OXA-1157","BETA-LACTAM","Hv98-241"
"Hv98-241.fasta","NZ_JBHFNG010000027.1",37398,38161,"+","cphA-16","1-764/765","===============","0/0",99.87,96.47,"ncbi","NG_047666.1","subclass B2 metallo-beta-lactamase CphA-16","CARBAPENEM","Hv98-241"
"Hv98-571.fasta","NZ_JBHFNN010000029.1",12539,13303,"-","cphA-16","1-765/765","===============","0/0",100,95.82,"ncbi","NG_047666.1","subclass B2 metallo-beta-lactamase CphA-16","CARBAPENEM","Hv98-571"
"Hv98-571.fasta","NZ_JBHFNN010000034.1",11000,11794,"+","blaOXA-1162","1-795/795","===============","0/0",100,98.87,"ncbi","NG_148650.1","OXA-12 family class D beta-lactamase OXA-1162","BETA-LACTAM","Hv98-571"
"KMM289.fasta","1",2062863,2063623,"-","cphA-4","1-762/765","========/======","1/1",99.48,96.06,"ncbi","NG_050397.1","subclass B2 metallo-beta-lactamase CphA-4","CARBAPENEM","KMM289"
"KMM289.fasta","1",2896721,2897515,"-","blaOXA-1162","1-795/795","===============","0/0",100,95.22,"ncbi","NG_148650.1","OXA-12 family class D beta-lactamase OXA-1162","BETA-LACTAM","KMM289"
"KMM358.fasta","1",808310,809058,"+","cphA-17","1-749/765","===============","0/0",97.91,97.06,"ncbi","NG_047670.1","subclass B2 metallo-beta-lactamase CphA-17","CARBAPENEM","KMM358"
"KMM358.fasta","1",4687989,4688783,"+","blaOXA-959","1-795/795","===============","0/0",100,96.35,"ncbi","NG_074737.1","OXA-12 family class D beta-lactamase OXA-959","BETA-LACTAM","KMM358"
"KMM366.fasta","1",808624,809372,"+","cphA-17","1-749/765","===============","0/0",97.91,97.06,"ncbi","NG_047670.1","subclass B2 metallo-beta-lactamase CphA-17","CARBAPENEM","KMM366"
"KMM366.fasta","1",4700721,4701515,"+","blaOXA-959","1-795/795","===============","0/0",100,96.35,"ncbi","NG_074737.1","OXA-12 family class D beta-lactamase OXA-959","BETA-LACTAM","KMM366"
"KMM366.fasta","4",488,1348,"-","blaTEM-116","1-861/861","===============","0/0",100,99.88,"ncbi","NG_050162.1","broad-spectrum class A beta-lactamase TEM-116","BETA-LACTAM","KMM366"
"ZfB1.fasta","NZ_CP034967.1",578487,579704,"+","tet(E)","1-1218/1218","===============","0/0",100,99.92,"ncbi","NG_048186.1","tetracycline efflux MFS transporter Tet(E)","TETRACYCLINE","ZfB1"
"ZfB1.fasta","NZ_CP034967.1",898433,899193,"+","cphA-4","1-762/765","========/======","1/1",99.48,96.19,"ncbi","NG_050397.1","subclass B2 metallo-beta-lactamase CphA-4","CARBAPENEM","ZfB1"
"ZfB1.fasta","NZ_CP034967.1",2594542,2596167,"-","mcr-3_set","1-1626/1626","===============","0/0",100,97.85,"ncbi","NG_088379.1","MCR-3-related phosphoethanolamine--lipid A transferase","COLISTIN","ZfB1"
"ZfB1.fasta","NZ_CP034967.1",2597742,2599125,"-","mcr-3.16","1-1384/1623","=============..","0/0",85.27,99.78,"ncbi","NG_060517.1","phosphoethanolamine--lipid A transferase MCR-3.16","COLISTIN","ZfB1"
"ZfB1.fasta","NZ_CP034967.1",4669509,4670303,"+","blaOXA-912","1-795/795","===============","0/0",100,98.11,"ncbi","NG_068183.1","OXA-12 family class D beta-lactamase OXA-912","BETA-LACTAM","ZfB1"
