WELL ,SUBSTRATE ,289-P1-0 ,289-P2-0 ,289-P3-0 ,289-P1-24,289-P2-24,289-P3-24,289-P1-48,289-P2-48,289-P3-48,289-P1-72,289-P2-72,289-P3-72,289-P1-96,289-P2-96,289-P3-96,289-P1-120,289-P2-120,289-P3-120,358-P1-0,358 -P2-0,358 -P3-0,358 -P1-24,358 -P2-24,358 -P3-24,358 -P1-48,358 -P2-48,358-P3-48,358-P1-72,358-P2-72,358-P3-72,358-P1-96,358-P2-96,358-P3-96,358-P1-120,358-P2-120,358-P3-120,366-P1-0,366-P2-0,366-P3-0,366-P1-24,366-P2-24,366-P3-24,366-P1-48,366-P2-48,366-P3-48,366-P1-72,366-P2-72,366-P3-72,366-P1-96,366-P2-96,366-P3-96,366-P1-120,366-P2-120,366-P3-120
A2,Dextrin,0.016,0.033,0.045,1.002,1.032,0.872,1.152,1.235,1.17,1.131,1.252,1.174,1.107,1.238,1.115,0.975,1.083,1.024,0.035,0.045,0.046,0.789,0.749,0.761,1.003,0.97,1.018,0.923,0.935,0.97,0.908,0.909,0.929,0.876,0.864,0.887,0.027,0.036,0.009,0.791,0.618,0.685,1.024,0.936,1.006,0.978,0.893,0.932,0.901,0.839,0.903,0.926,0.83,0.828
A3,D-Maltose,0.013,0.02,0.04,1.008,0.974,0.901,1.141,1.202,0.966,0.975,1.143,0.832,0.928,0.962,0.727,0.872,0.934,0.802,0.026,0.071,0.034,0.789,0.716,0.728,1.099,1.08,1.029,0.978,1.008,1.012,0.976,0.944,0.928,0.952,0.905,0.947,0.033,0.029,0.001,0.74,0.611,0.715,1.047,0.934,1.012,0.999,0.889,0.982,0.965,0.866,0.93,0.982,0.861,0.887
A4,D-Trehalose,0.013,0.041,0.066,0.985,1.019,0.969,0.979,1.01,1.078,0.962,0.858,1.01,0.962,0.886,0.812,0.99,0.905,0.869,0.024,0.062,0.041,0.882,0.803,0.808,1.002,0.967,0.788,0.986,0.958,0.934,0.951,0.967,0.973,0.903,0.883,0.907,0.041,0.017,0.007,0.693,0.386,0.747,0.867,0.665,0.819,0.955,0.689,0.833,0.936,0.636,0.926,0.924,0.785,0.82
A5,D-Cellobiose,0.003,0.036,0.056,0.072,0.104,0.069,0.078,0.074,0.047,0.048,0.07,0.06,0.047,0.063,0.026,0.049,0.08,0.03,0.03,0.03,0.016,0.15,0.303,0.092,0.137,0.287,0.082,0.119,0.273,0.083,0.132,0.265,0.072,0.115,0.246,0.049,0.025,0.033,-0.009,0.206,0.048,0.078,0.194,0.008,0.056,0.198,0.016,0.041,0.194,0.03,0.077,0.193,-0.006,0.038
A6,Gentiobiose,0.048,0.07,0.105,0.102,0.133,0.095,0.113,0.107,0.08,0.074,0.101,0.088,0.07,0.093,0.058,0.075,0.102,0.06,0.051,0.089,0.061,0.136,0.255,0.111,0.129,0.238,0.097,0.096,0.234,0.095,0.118,0.229,0.321,0.096,0.212,1.436,0.059,0.093,0.03,0.152,0.007,0.042,0.143,0.007,0.026,0.154,0.009,0.013,0.153,0.024,0.055,0.151,-0.02,0.006
A7,Sucrose,0.005,0.057,0.105,1.304,1.258,1.264,1.038,1.362,1.107,0.867,1.192,0.984,0.851,1.158,0.95,0.808,1.028,0.892,0.048,0.083,0.034,1.113,1.105,1.011,1.159,1.121,0.915,1.059,1.032,0.998,1.03,1.034,1.013,0.967,0.961,0.934,0.058,0.014,0.001,0.996,0.739,0.926,1.068,0.96,0.927,1.033,1.022,0.901,1.015,0.974,0.926,0.994,0.947,0.832
A8,D-Turanose,0.026,0.073,0.105,0.132,0.192,0.151,0.123,0.154,0.119,0.109,0.156,0.135,0.116,0.157,0.107,0.123,0.176,0.12,0.044,0.099,0.066,0.162,0.471,0.143,0.167,0.461,0.149,0.141,0.445,0.148,0.174,0.44,0.153,0.15,0.421,0.142,0.069,0.099,0.025,0.354,0.008,0.042,0.349,-0.05,0.078,0.348,-0.016,0.09,0.373,0.133,0.139,0.347,0.123,0.099
A9,Stachyose,0.001,0.049,0.094,0.019,0.053,0.055,0.049,0.053,0.05,0.007,0.042,0.04,0.014,0.032,0.018,0.017,0.049,0.021,0.018,0.064,0.032,0.072,0.136,0.086,0.072,0.133,0.073,0.044,0.119,0.083,0.069,0.113,0.06,0.04,0.092,0.03,0.04,0.049,-0.011,0.089,0.029,0.068,0.077,-0.003,0.05,0.079,0.005,0.042,0.097,0.023,0.078,0.069,-0.014,0.022
A11,pH 6,-0.009,0.053,0.076,1.076,1.051,0.991,1.663,1.66,1.195,1.794,1.855,1.626,1.842,1.933,1.85,1.693,1.793,1.824,0.007,0.014,0.058,1.419,1.382,1.477,1.778,1.66,1.826,1.719,1.708,1.826,1.753,1.644,1.818,1.665,1.673,1.803,-0.003,0.007,-0.024,1.206,1.019,1.197,1.617,1.483,1.578,1.585,1.553,1.63,1.659,1.559,1.71,1.673,1.616,1.678
A12,pH 5,-0.01,0.036,0.043,0.116,0.157,0.099,0.574,0.549,0.216,0.938,1.004,0.767,1.079,1.171,1.084,1.235,1.268,1.205,0.006,-0.006,0.027,0.017,0.032,0.042,0.538,0.481,0.421,0.954,0.938,0.968,1.146,1.098,1.149,1.312,1.261,1.304,-0.005,0.005,-0.024,-0.016,0.007,0.013,0.027,-0.041,0.014,0.323,-0.044,0.425,0.894,0.037,0.961,1.102,0.775,1.04
B1,D-Raffinose,-0.002,0.022,0.025,-0.001,0.058,0.022,-0.008,0.051,0.007,-0.018,0.022,0.008,-0.012,0.027,-0.009,-0.017,0.036,-0.005,0.017,0.057,0.029,0.071,0.123,0.04,0.063,0.119,0.028,0.03,0.09,0.012,0.046,0.095,0.027,0.037,0.093,0.002,0.037,0.023,0,0.044,0.016,0.03,0.037,-0.004,0.014,0.029,-0.009,0.009,0.03,-0.013,0.027,0.037,-0.01,0.003
B2,α-D-Lactose,0.011,0.035,0.072,0,0.047,0.093,0.044,0.017,0.089,-0.006,0.019,0.086,-0.009,0.053,0.073,0.01,0.073,0.07,0.034,0.077,0.082,0.261,0.359,0.09,0.308,0.371,0.085,0.229,0.347,0.102,0.243,0.354,0.091,0.224,0.319,0.097,0.054,0.049,0.03,0.104,0.015,0.19,0.111,0.01,0.175,0.111,0.032,0.189,0.129,0.023,0.183,0.103,0.023,0.204
B3,D-Melibiose,0.005,0.036,0.073,0.063,0.111,0.161,0.082,0.091,0.156,0.037,0.092,0.152,0.054,0.113,0.14,0.069,0.158,0.134,0.042,0.071,0.083,0.376,0.447,0.183,0.446,0.478,0.185,0.357,0.448,0.215,0.368,0.448,0.19,0.347,0.411,0.191,0.038,0.022,0.063,0.191,0.039,0.241,0.212,-0.004,0.225,0.208,-0.004,0.262,0.227,0.003,0.24,0.193,-0.005,0.277
B4,β-Methyl-D-Glucoside,0.03,0.054,0.113,1.087,1.042,1.011,1.13,1.043,1.119,1.045,1.061,1.133,1.006,1.071,0.94,0.98,1.132,0.923,0.057,0.081,0.108,0.941,0.923,0.896,1.06,0.999,0.787,0.955,0.961,0.86,0.989,0.977,0.93,0.93,0.904,0.948,0.046,0.032,0.068,0.871,0.47,0.845,0.884,0.612,0.835,0.912,0.572,0.84,0.987,0.544,0.903,0.918,0.571,0.929
B5,D-Salicin,0.028,0.06,0.106,0.112,0.126,0.141,0.132,0.132,0.17,0.081,0.108,0.138,0.129,0.132,0.143,0.135,0.182,0.152,0.081,0.075,0.112,0.522,0.471,0.413,0.613,0.582,0.495,0.51,0.536,0.48,0.513,0.52,0.461,0.494,0.492,0.469,0.039,0.043,0.024,0.321,0.153,0.321,0.489,0.079,0.498,0.456,0.053,0.498,0.466,0.054,0.478,0.432,0.059,0.513
B6,N-Acetyl-D-Glucosamine,0.028,0.058,0.108,1.052,1.041,1.049,1.084,1.128,1.206,1.045,1.127,1.108,1.034,1.121,1.006,1.103,1.243,1.009,0.057,0.087,0.132,0.964,0.974,0.902,1.228,1.153,1.06,1.162,1.148,1.193,1.165,1.127,1.155,1.164,1.104,1.183,0.05,0.053,0.053,0.962,0.734,0.854,1.144,0.889,1.02,1.072,1.107,1.121,1.079,1.111,1.101,1.046,1.061,1.088
B7,N-Acetyl-β-D-Mannosamine,0.044,0.074,0.119,0.148,0.195,0.236,0.127,0.15,0.21,0.117,0.167,0.22,0.144,0.192,0.204,0.16,0.23,0.212,0.055,0.1,0.103,0.974,0.953,0.926,1.168,1.066,1.046,1.076,1.036,1.191,1.095,1.04,1.156,1.11,1.022,1.178,0.051,0.051,0.083,0.896,0.436,0.829,1.14,0.928,1.001,1.156,0.959,1.086,1.209,1.027,1.038,1.102,1.107,1.083
B8,N-Acetyl-D-Galactosamine,0.015,0.084,0.091,-0.053,-0.019,-0.005,-0.034,-0.02,0.005,-0.04,-0.003,0.011,-0.004,0.032,0.005,0.027,0.071,0.011,0.042,0.08,0.093,0.752,0.721,0.752,1.173,1.07,1.104,1.113,1.083,1.193,1.095,1.064,1.157,1.072,1.008,1.121,0.028,0.045,0.038,0.725,0.354,0.705,1.162,0.846,1.077,1.226,1.221,1.095,1.217,1.168,1.044,1.133,1.112,1.054
B9,N-AcetylNeuraminic Acid,-0.02,0.031,0.065,0.028,0.027,0.036,0.025,0.018,0.059,-0.001,0.037,0.061,0.026,0.052,0.033,0.055,0.098,0.048,0.006,0.031,0.068,0.128,0.127,0.114,0.191,0.151,0.124,0.109,0.118,0.158,0.118,0.125,0.13,0.1,0.087,0.15,-0.013,0.006,-0.007,0.052,0.054,0.091,0.068,0.005,0.089,0.073,0.004,0.115,0.092,0.009,0.119,0.049,0.001,0.162
B10,1% NaCl,-0.012,0.047,0.075,1.081,1.124,0.985,1.549,1.554,1.412,1.719,1.765,1.709,1.664,1.747,1.729,1.394,1.43,1.373,0.024,0.039,0.084,1.067,1.034,1.085,1.444,1.395,1.454,1.541,1.532,1.635,1.622,1.597,1.64,1.611,1.58,1.669,-0.006,0.005,0.015,0.991,0.926,0.949,1.407,1.348,1.347,1.56,1.486,1.484,1.58,1.482,1.6,1.621,1.528,1.556
B11,4% NaCl,0.047,0.084,0.095,0.035,0.014,-0.034,0.437,0.383,0.317,0.585,0.609,0.597,0.627,0.646,0.633,0.639,0.66,0.641,0.034,0.066,0.127,-0.088,-0.11,-0.077,0.02,-0.098,-0.035,0.188,-0.104,0.159,0.344,-0.104,0.326,0.417,-0.105,0.41,0.033,0.017,0.007,-0.095,-0.04,-0.077,-0.02,-0.087,-0.002,0.093,0.051,0.128,0.259,0.33,0.244,0.325,0.36,0.276
B12,8% NaCl,-0.017,0.062,0.009,-0.1,-0.056,-0.083,-0.074,-0.077,-0.085,-0.091,-0.065,-0.073,-0.049,-0.043,-0.055,-0.043,-0.02,-0.037,0.058,-0.005,0.001,-0.112,-0.122,-0.099,-0.112,-0.122,-0.111,-0.142,-0.136,-0.108,-0.124,-0.135,-0.127,-0.126,-0.136,-0.135,-0.003,0.017,0.02,-0.112,-0.057,-0.095,-0.122,-0.135,-0.108,-0.107,-0.131,-0.111,-0.12,-0.134,-0.081,-0.109,-0.148,-0.109
C1,α-D-Glucose,0.005,0.016,0.015,0.986,0.974,0.875,0.98,1.021,0.934,0.984,1.049,0.934,1.003,1.016,0.858,0.927,1.008,0.875,0.018,0.042,0.031,0.796,0.837,0.773,0.977,0.922,0.763,0.921,0.968,0.916,0.9,0.888,0.885,0.857,0.85,0.846,0.014,0.029,-0.009,0.708,0.424,0.566,0.788,0.505,0.656,0.929,0.512,0.802,0.836,0.449,0.816,0.88,0.489,0.753
C2,D-Mannose,0.004,0.038,0.035,0.857,0.911,0.925,1.138,1.098,1.194,1.072,1.098,1.176,1.036,1.072,1.083,0.996,1.06,1.027,0.019,0.049,0.063,0.904,0.946,0.811,1.114,1.106,0.793,1.012,0.993,0.919,0.992,1.002,0.991,0.93,0.919,0.912,0.03,0.033,0.062,0.826,0.494,0.761,0.913,0.83,0.842,0.952,0.813,0.86,0.999,0.8,0.912,0.92,0.8,0.905
C3,D-Fructose,0.001,0.034,0.057,0.807,0.914,0.826,1.188,1.026,1.162,1.037,1.052,1.179,0.946,1.065,1.124,0.968,1.074,1.105,0.018,0.093,0.088,0.812,0.843,0.753,1.018,0.983,0.797,1.007,0.997,0.981,0.964,0.948,1,0.921,0.898,0.944,0.041,0.035,0.061,0.802,0.444,0.729,0.884,0.759,0.825,0.953,0.737,0.967,0.999,0.778,0.98,0.911,0.794,0.931
C4,D-Galactose,0.019,0.05,0.071,1.008,1.055,0.864,1.233,1.471,1.418,0.96,1.15,1.307,0.974,1.114,0.973,1.065,1.001,0.942,0.038,0.093,0.102,0.737,0.734,0.696,1.352,1.305,1.261,1.071,1.107,1.052,1.016,1.008,0.997,0.995,0.986,1.012,0.036,0.032,0.079,0.691,0.166,0.648,1.163,0.924,1.13,1.09,1.131,1.058,1.02,0.92,1.016,0.991,0.933,0.999
C5,3-Methyl Glucose,0.022,0.057,0.092,-0.026,0.011,0.034,-0.02,-0.012,0.041,-0.048,-0.009,0.03,-0.009,0.029,0.034,0.026,0.084,0.042,0.024,0.089,0.128,-0.006,0.009,0.009,0.072,0.043,0.018,-0.007,0.027,0.052,0.012,0.038,0.044,-0.006,0,0.072,0.033,0.053,0.036,-0.007,0.04,0.021,0.008,-0.026,0.024,0.006,-0.033,0.079,0.036,-0.018,0.059,0.005,-0.028,0.119
C6,D-Fucose,0.012,0.048,0.075,0.078,0.112,0.123,0.116,0.131,0.174,0.081,0.129,0.16,0.105,0.154,0.155,0.14,0.208,0.161,0.033,0.065,0.114,0.061,0.166,0.037,0.169,0.222,0.035,0.112,0.223,0.084,0.128,0.232,0.063,0.102,0.187,0.084,0.049,0.041,0.004,0.011,-0.015,0.019,0.069,-0.091,0.028,0.06,0.024,0.102,0.085,0.065,0.094,0.065,0.059,0.124
C7,L-Fucose,0.014,0.058,0.093,0.139,0.175,0.198,0.133,0.15,0.207,0.094,0.147,0.186,0.124,0.182,0.178,0.166,0.233,0.191,0.052,0.106,0.096,0.257,0.301,0.116,0.324,0.351,0.131,0.24,0.326,0.156,0.256,0.33,0.14,0.236,0.295,0.16,0.046,0.052,0.001,0.156,-0.008,0.11,0.173,0.074,0.093,0.169,0.075,0.152,0.197,0.081,0.126,0.155,0.066,0.209
C8,L-Rhamnose,0.027,0.072,0.093,0.158,0.173,0.15,0.163,0.142,0.161,0.119,0.138,0.149,0.153,0.182,0.141,0.194,0.237,0.161,0.032,0.08,0.099,0.235,0.287,0.21,0.294,0.325,0.225,0.21,0.304,0.254,0.228,0.309,0.243,0.209,0.271,0.26,0.023,0.04,0.052,0.169,0.082,0.106,0.19,0.075,0.11,0.188,0.067,0.178,0.213,0.078,0.157,0.177,0.068,0.218
C9,Inosine,-0.01,0.054,0.123,0.351,0.453,0.384,0.492,0.54,0.571,0.638,0.648,0.644,0.901,0.89,0.858,0.908,0.96,0.856,0.026,0.068,0.109,0.371,0.379,0.38,0.754,0.687,0.678,0.793,0.765,0.88,0.939,0.849,1.029,0.986,0.8,1.058,0.015,0.026,0.04,0.335,0.398,0.386,0.659,0.624,0.68,0.831,0.771,0.926,0.901,0.828,0.948,0.768,0.801,0.919
C10,1% Sodium Lactate,-0.011,0.044,0.073,0.848,0.85,0.826,1.198,1.156,1.117,1.508,1.445,1.315,1.565,1.599,1.504,1.312,1.45,1.549,0.009,0.056,0.085,0.941,0.846,0.943,1.404,1.265,1.39,1.456,1.46,1.542,1.484,1.516,1.511,1.469,1.435,1.527,-0.005,0.005,0.034,0.853,0.73,0.814,1.229,1.132,1.29,1.462,1.356,1.497,1.501,1.494,1.502,1.49,1.483,1.508
C11,Fusidic Acid,0.149,0.222,0.202,-0.071,-0.039,-0.052,-0.055,-0.058,-0.037,-0.054,-0.029,-0.032,0.012,0.033,-0.031,0.123,0.123,0,0.176,0.202,0.26,-0.048,-0.073,-0.06,-0.026,-0.09,-0.092,-0.092,-0.103,-0.07,-0.059,-0.075,-0.071,-0.034,-0.078,-0.021,0.122,0.126,0.104,-0.075,-0.023,-0.044,-0.101,-0.119,-0.094,-0.104,-0.119,-0.052,-0.085,-0.124,-0.074,-0.106,-0.125,-0.036
C12,D-Serine-chemical,-0.01,0.038,0.041,1.073,1.086,1.005,1.695,1.683,1.483,1.524,1.614,1.492,1.514,1.605,1.476,1.524,1.606,1.51,0.003,0.027,0.074,0.708,0.628,0.703,1.056,1.014,1.074,1.284,1.266,1.355,1.46,1.414,1.477,1.514,1.473,1.539,-0.007,0.001,-0.028,-0.071,-0.035,-0.04,0.619,-0.089,0.776,1.109,0.805,1.15,1.286,1.053,1.35,1.443,1.224,1.367
D1,D-Sorbitol,-0.02,-0.004,-0.02,0.004,0.074,0.036,0.004,0.043,0.012,-0.009,0.033,0.016,-0.004,0.037,0.005,-0.01,0.044,0.008,-0.003,0.011,0.019,0.056,0.087,0.026,0.049,0.087,0.025,0.019,0.063,0.023,0.024,0.061,0.019,0.031,0.059,0.006,0.011,0.009,-0.027,0.013,0.001,0.07,0.008,-0.008,0.07,0.004,-0.012,0.062,-0.008,-0.012,0.094,-0.002,-0.033,0.039
D2,D-Mannitol,-0.012,0.021,0.041,0.95,0.859,0.786,0.942,0.907,0.945,0.891,0.991,1.029,0.903,0.975,0.951,0.881,1.007,0.943,0.025,0.063,0.083,0.65,0.672,0.623,1.006,1.053,0.788,1,1.028,0.736,1.031,1.019,0.757,0.946,0.96,0.824,0.028,0.037,0.04,0.648,0.17,0.605,0.796,0.687,0.677,0.77,0.772,0.668,0.849,0.73,0.693,0.807,0.784,0.761
D3,D-Arabitol,-0.004,0.022,0.041,-0.019,0.027,0.062,-0.001,0.024,0.085,-0.03,0.024,0.074,0,0.046,0.067,0.033,0.099,0.076,0.019,0.06,0.088,0.061,0.272,0.052,0.121,0.361,0.042,0.024,0.298,0.06,0.032,0.296,0.049,0.064,0.277,0.088,0.019,0.027,0.051,0.029,0.118,0.067,0.042,0.028,0.05,0.031,0.018,0.114,0.061,0.022,0.105,0.016,0.024,0.177
D4,myo-Inositol,0.007,0.04,0.071,0.039,0.103,0.135,0.044,0.078,0.139,0.001,0.067,0.127,0.029,0.105,0.125,0.067,0.17,0.132,0.063,0.061,0.123,0.223,0.338,0.139,0.286,0.457,0.139,0.205,0.431,0.171,0.227,0.432,0.165,0.202,0.395,0.189,0.016,0.025,0.073,0.111,0.024,0.141,0.126,0.046,0.119,0.119,0.045,0.186,0.136,0.045,0.175,0.108,0.055,0.246
D5,Glycerol,0.014,0.057,0.12,0.692,0.706,0.569,1.105,1.007,1.042,1.052,1.29,1.263,1.122,1.275,1.149,1.13,1.122,1.183,0.068,0.062,0.084,0.616,0.52,0.549,0.936,0.805,0.695,1.018,0.859,0.839,0.979,0.884,0.841,0.966,0.829,0.897,0.017,0.047,0,0.548,0.217,0.535,0.692,0.575,0.614,0.827,0.648,0.742,0.955,0.768,0.759,0.91,0.771,0.825
D6,D-Glucose-6-PO4,0.026,0.054,0.102,0.908,0.937,0.817,1.082,1.017,0.901,0.985,0.958,0.824,0.954,1.02,0.827,0.912,0.959,0.845,0.112,0.063,0.098,0.857,0.819,0.771,1.008,0.902,0.879,0.905,0.862,0.891,0.922,0.863,0.878,0.884,0.806,0.882,0.015,0.024,0.009,0.768,0.683,0.688,0.916,0.723,0.853,0.875,0.688,0.895,0.882,0.682,0.884,0.857,0.694,0.913
D7,D-Fructose-6-PO4,0.029,0.058,0.076,0.805,0.981,0.812,0.938,0.883,1,0.727,0.865,0.827,0.863,0.959,0.831,0.924,1.063,0.849,0.076,0.064,0.073,0.728,0.687,0.41,0.812,0.741,0.63,0.759,0.754,0.694,0.776,0.757,0.678,0.739,0.702,0.682,0.045,0.02,0.031,0.614,0.412,0.614,0.765,0.664,0.703,0.752,0.622,0.772,0.767,0.611,0.756,0.743,0.624,0.78
D8,D-Aspartic Acid,0.012,0.06,0.088,0.041,0.053,0.048,0.044,0.028,0.07,0.011,0.022,0.055,0.037,0.068,0.054,0.08,0.128,0.058,0.036,0.059,0.078,0.093,0.071,0.081,0.149,0.094,0.083,0.083,0.082,0.123,0.103,0.093,0.102,0.078,0.05,0.129,0.025,0.007,0.013,0.022,0.086,0.072,0.051,0.051,0.072,0.028,0.025,0.133,0.06,0.036,0.11,0.03,0.039,0.176
D9,D-Serine,-0.013,0.039,0.042,0.766,0.796,0.727,1.106,1.104,0.954,1.064,1.148,0.908,0.888,0.99,0.872,0.856,0.933,0.871,0.013,0.055,0.073,0.755,0.74,0.719,1.192,1.18,1.172,1.034,1.048,1.093,1.019,1.036,1.077,0.985,0.955,1.068,0.027,-0.003,0.001,0.676,0.474,0.677,1.217,0.918,1.189,1.068,1.053,1.164,1.08,1.002,1.084,1.024,0.991,1.161
D10,Troleandomycin,-0.015,0.042,0.058,-0.088,-0.064,-0.947,-0.056,-0.057,-0.025,-0.076,-0.043,-0.032,-0.034,0.009,-0.035,0.023,0.069,-0.009,0.002,0.049,0.076,-0.101,-0.111,-0.088,-0.038,-0.088,-0.094,-0.112,-0.096,-0.051,-0.086,-0.076,-0.05,-0.074,-0.091,-0.009,-0.008,0.001,-0.03,-0.107,-0.045,-0.089,-0.102,-0.12,-0.1,-0.099,-0.121,-0.028,-0.061,-0.107,-0.056,-0.097,-0.111,0.049
D11,Rifamycin SV,-0.01,0.05,0.055,1.033,1.048,0.862,1.928,1.926,1.923,1.777,1.853,1.957,1.564,1.698,1.623,1.601,1.673,1.592,0.004,0.049,0.121,0.317,0.394,0.274,1.229,1.191,1.147,1.492,1.394,1.513,1.577,1.477,1.603,1.547,1.492,1.599,-0.004,0.004,0.021,-0.056,-0.014,-0.029,1.101,0.796,1.042,1.42,1.144,1.412,1.622,1.449,1.518,1.611,1.542,1.571
D12,Minocycline,-0.008,0.052,0.026,-0.087,-0.066,-0.071,-0.06,-0.059,-0.066,-0.065,-0.034,-0.05,-0.018,-0.006,-0.024,0.024,0.016,-0.003,0.005,0.041,0.089,-0.101,-0.109,-0.086,-0.101,-0.107,-0.097,-0.127,-0.117,-0.092,-0.1,-0.112,-0.105,-0.097,-0.108,-0.104,-0.007,0.003,-0.025,-0.108,-0.048,-0.089,-0.112,-0.125,-0.103,-0.101,-0.118,-0.105,-0.111,-0.119,-0.069,-0.095,-0.128,-0.093
E1,Gelatin,0.001,0.01,0.022,0.411,0.531,0.514,0.761,0.885,0.902,0.726,0.955,0.892,0.698,0.833,0.901,0.615,0.75,0.751,0.002,0.014,0.029,0.553,0.592,0.403,0.878,0.893,0.811,0.853,0.936,0.816,0.823,0.901,0.77,0.796,0.864,0.749,0.004,0.013,0.005,0.457,0.036,0.4,0.823,0.469,0.725,0.856,0.772,0.839,0.805,0.748,0.843,0.779,0.702,0.775
E2,Glycyl-L-Proline,0.025,0.05,0.053,0.497,0.554,0.472,0.997,1.045,1.012,1.125,1.147,1.128,1.28,1.294,1.247,1.368,1.437,1.354,0.013,0.049,0.101,0.665,0.673,0.645,0.927,0.912,0.908,1,1.038,1.127,1.112,1.129,1.24,1.162,1.166,1.401,0.012,0.034,0.044,0.629,0.381,0.62,0.927,0.845,0.908,1.047,0.976,1.069,1.147,1.069,1.14,1.244,1.18,1.281
E3,L-Alanine,0.033,0.061,0.056,0.512,0.569,0.491,0.816,0.848,0.853,0.788,0.842,0.84,0.899,0.959,0.906,1.008,1.091,0.998,0.03,0.032,0.074,0.644,0.625,0.608,0.873,0.822,0.807,0.852,0.877,0.926,0.945,0.939,0.998,0.988,0.957,1.094,0.011,0.013,0.022,0.623,0.031,0.586,0.81,0.672,0.771,0.9,0.781,0.936,0.991,0.825,1.012,1.012,0.931,1.143
E4,L-Arginine,0.023,0.047,0.055,0.4,0.454,0.37,0.833,0.686,0.7,1.16,1.026,1.029,1.263,1.175,1.098,1.174,1.097,0.962,0.026,0.046,0.09,0.58,0.617,0.579,0.826,0.766,0.74,0.819,0.824,0.833,0.901,0.866,0.901,0.893,0.867,0.99,0.009,0.017,0.001,0.594,0.369,0.471,0.733,0.648,0.709,0.804,0.701,0.88,0.906,0.758,0.93,0.886,0.806,1.036
E5,L-Aspartic Acid,0.012,0.053,0.071,0.852,0.916,0.73,1.17,1.322,1.249,0.871,0.963,0.946,1.047,1.131,1.072,1.04,1.136,1.045,0.066,0.082,0.094,0.802,0.783,0.793,1.214,1.107,1.201,1.015,1.025,1.107,1.03,1.02,1.111,0.997,0.967,1.141,0.045,0.023,0.015,0.796,0.063,0.679,1.23,1.071,1.121,1.102,1.082,1.111,1.123,1.037,1.113,1.059,1.044,1.153
E6,L-Glutamic Acid,0.019,0.077,0.073,0.869,0.808,0.684,1.28,1.136,1.081,1.354,1.122,1.02,1.488,1.286,1.08,1.353,1.361,1.155,0.029,0.083,0.127,0.777,0.78,0.764,1.057,1.03,1.065,1.111,1.139,1.234,1.154,1.142,1.22,1.143,1.113,1.271,0.037,0.042,0.048,0.699,0.308,0.706,1.019,0.951,1.019,1.156,1.057,1.219,1.196,1.105,1.26,1.169,1.115,1.319
E7,L-Histidine,0.008,0.044,0.071,0.565,0.614,0.341,0.97,1.04,1,1.035,1.114,1.102,0.966,1.191,1.133,0.926,1.277,1.008,0.078,0.099,0.093,0.045,-0.014,0.008,0.76,0.661,0.677,0.834,0.813,0.866,0.924,0.861,0.91,0.955,0.87,0.989,0.068,0.055,0.057,0.025,0.011,-0.028,0.77,0.398,0.647,0.898,0.768,0.916,0.958,0.874,1.001,0.99,0.945,1.084
E8,L-Pyroglutamic Acid,-0.008,0.028,0.061,-0.008,0.04,0.033,0.022,0.023,0.078,-0.008,0.028,0.066,0.025,0.081,0.076,0.081,0.147,0.085,0.031,0.113,0.103,0.075,0.156,0.107,0.136,0.183,0.116,0.074,0.182,0.164,0.097,0.199,0.17,0.079,0.159,0.191,0.027,0.059,0.034,0.064,0.131,0.069,0.091,0.091,0.07,0.089,0.092,0.15,0.123,0.112,0.126,0.092,0.125,0.205
E9,L-Serine,0,0.044,0.096,1.044,1.061,0.959,1.219,1.271,0.925,1.027,1.025,0.957,1.098,1.056,0.972,0.96,1.031,0.984,0.056,0.109,0.094,0.816,0.827,0.825,1.15,1.123,1.085,0.998,1.021,1.027,1.007,1.017,1.022,0.969,0.959,1.007,0.019,0.037,0.061,0.808,0.527,0.799,1.105,0.924,1.074,0.999,1.011,1.053,1.021,0.963,1.019,0.964,0.957,1.059
E10,Lincomycin,0.008,0.062,0.062,0.608,0.624,0.238,0.97,1.015,0.97,0.965,0.992,0.902,1.024,1.078,0.968,0.96,1.027,0.983,0.056,0.071,0.11,0.404,0.362,0.294,1.052,0.924,0.943,1.029,1.004,1.083,1.019,0.984,1.03,0.998,0.952,1.016,0.054,0.039,0.104,0.487,0.102,0.267,0.953,0.807,0.887,1.074,1.01,1.111,1.097,1.001,1.078,1.037,0.978,1.074
E11,Guanidine HCl,0.006,0.066,0.074,0.916,0.947,0.94,1.37,1.397,1.35,1.099,1.209,1.252,1.089,1.189,1.157,1.089,1.182,1.163,0.051,0.059,0.115,0.855,0.803,0.854,1.325,1.126,1.199,1.191,1.167,1.186,1.135,1.06,1.118,1.087,0.995,1.066,0.037,0.054,0.047,0.922,0.951,0.878,1.397,1.373,1.31,1.151,1.081,1.11,1.136,1.043,1.092,1.101,1.016,1.08
E12,Niaproof 4,-0.014,0.039,0.015,1.212,1.346,1.188,1.663,1.963,1.782,1.306,1.619,1.304,1.056,1.471,1.214,0.958,1.151,1.027,0.002,0.005,0.058,1.074,1.021,1.074,1.446,1.403,1.44,1.226,1.198,1.296,1.103,1.1,1.175,1.005,1.008,1.166,-0.004,-0.001,-0.028,0.975,0.95,0.945,1.439,1.277,1.395,1.349,1.365,1.267,1.163,1.162,1.165,1.106,1.062,1.072
F1,Pectin,0.028,0.05,0.063,0.387,0.494,0.523,0.365,0.45,0.498,0.32,0.455,0.48,0.361,0.47,0.488,0.363,0.478,0.497,0.057,0.089,0.091,0.633,0.717,0.591,0.641,0.731,0.57,0.593,0.694,0.56,0.596,0.676,0.531,0.591,0.666,0.52,0.02,0.044,0.022,0.635,0.297,0.62,0.634,0.218,0.597,0.632,0.228,0.569,0.592,0.199,0.59,0.613,0.205,0.539
F2,D-Galacturonic Acid,-0.012,0.03,0.033,0.037,0.078,0.068,0.055,0.063,0.076,0.017,0.066,0.066,0.045,0.086,0.069,0.068,0.135,0.068,0.033,0.04,0.101,0.091,0.153,0.087,0.148,0.176,0.096,0.071,0.16,0.128,0.092,0.166,0.117,0.069,0.133,0.134,0.014,0.008,0.072,0.061,0.003,0.06,0.095,0.028,0.069,0.079,0.031,0.114,0.089,0.011,0.094,0.078,0.035,0.145
F3,L-Galactonic Acid Lactone,0.005,0.044,0.065,0.13,0.193,0.157,0.138,0.172,0.168,0.104,0.175,0.158,0.133,0.204,0.164,0.171,0.257,0.17,0.032,0.064,0.082,0.164,0.259,0.181,0.233,0.296,0.195,0.15,0.275,0.224,0.176,0.281,0.219,0.149,0.243,0.233,0.013,0.039,0.058,0.16,0.081,0.107,0.18,0.068,0.123,0.166,0.061,0.187,0.187,0.043,0.184,0.156,0.065,0.225
F4,D-Gluconic Acid,-0.008,0.013,0.039,0.877,0.917,0.748,0.992,1.028,1.033,0.878,0.957,0.898,0.86,0.955,0.878,0.894,1.02,0.902,0.024,0.057,0.084,0.787,0.766,0.737,1.037,0.996,0.981,0.881,0.908,0.929,0.893,0.896,0.917,0.844,0.84,0.926,-0.002,0.03,0.005,0.719,0.221,0.437,1.028,0.607,0.838,0.92,0.669,0.846,0.927,0.65,0.818,0.885,0.65,0.86
F5,D-Glucuronic Acid,-0.014,0.044,0.045,-0.025,0.032,0.008,0.002,0.023,0.04,-0.011,0.028,0.031,0.006,0.069,0.037,0.05,0.137,0.047,0.034,0.076,0.087,0.011,0.022,0.002,0.079,0.058,0.021,0.012,0.05,0.06,0.033,0.06,0.06,0.013,0.02,0.098,0.017,0.017,0.015,-0.019,0.003,0.015,0.005,0.013,0.015,0.005,0.003,0.1,0.04,0.009,0.091,0,0.015,0.164
F6,Glucuronamide,-0.004,0.07,0.066,0.009,0.07,0.034,0.041,0.07,0.076,0.015,0.078,0.072,0.047,0.122,0.083,0.098,0.194,0.093,0.034,0.078,0.121,0.026,0.023,-0.005,0.09,0.063,0.01,0.028,0.057,0.057,0.048,0.063,0.049,0.032,0.03,0.096,0.039,0.026,0.011,0.044,0.016,0.01,0.06,-0.008,0.005,0.064,-0.017,0.095,0.093,-0.001,0.071,0.052,0,0.163
F7,Mucic Acid,0.002,0.035,0.052,-0.01,0.03,0.022,0.01,0.01,0.046,-0.024,0.008,0.036,0.009,0.05,0.044,0.05,0.116,0.054,0.051,0.083,0.093,0.019,0.035,0.035,0.084,0.079,0.05,0.018,0.066,0.092,0.041,0.077,0.086,0.022,0.036,0.116,0.026,0.049,0.058,0.015,0.012,0.03,0.045,0.025,0.068,0.052,0.028,0.14,0.083,0.04,0.139,0.052,0.043,0.203
F8,Quinic Acid,0.01,0.064,0.073,-0.467,0.079,0.15,0.06,0.047,0.152,0.023,0.043,0.135,0.052,0.089,0.141,0.096,0.156,0.152,0.044,0.099,0.097,0.043,0.224,0.066,0.095,0.246,0.071,0.023,0.227,0.108,0.038,0.237,0.1,0.027,0.195,0.133,0.023,0.04,0.059,0.016,0.015,0.184,0.038,0.019,0.164,0.029,0.005,0.236,0.054,0.017,0.213,0.019,0.015,0.284
F9,D-Saccharic Acid,-0.018,0.023,0.051,-0.028,0.011,0.032,0.002,-0.008,0.05,-0.025,-0.004,0.043,0.003,0.049,0.058,0.065,0.11,0.065,0.012,0.053,0.076,0.005,0.017,0.012,0.069,0.057,0.03,0.002,0.044,0.065,0.015,0.051,0.062,0.005,0.017,0.091,-0.011,0.016,0.034,-0.021,-0.014,-0.056,0.013,-0.089,0.008,0.014,-0.013,0.079,0.043,0.047,0.04,0.007,0.041,0.127
F10,Vancomycin,-0.011,0.032,0.048,-1.504,1.156,1.095,1.271,1.313,1.288,1.352,1.458,1.434,1.437,1.567,1.502,1.413,1.526,1.524,0.013,0.068,0.093,0.811,0.822,0.853,0.987,1.002,1.014,0.975,1.022,1.177,1.334,1.262,1.366,1.538,1.386,1.464,-0.002,0.012,0.031,0.783,0.742,0.761,0.948,0.788,0.906,0.948,0.838,0.982,1.028,0.892,1.032,1.251,1.258,1.363
F11,Tetrazolium Violet,0.074,0.131,0.129,0.135,0.189,0.155,0.146,0.176,0.169,0.111,0.171,0.136,0.149,0.213,0.148,0.201,0.254,0.179,0.082,0.126,0.178,0.124,0.136,0.173,0.147,0.128,0.126,0.098,0.13,0.167,0.117,0.149,0.172,0.113,0.129,0.182,0.059,0.07,0.078,0.096,0.136,0.116,0.132,0.065,0.11,0.114,0.056,0.164,0.139,0.058,0.14,0.114,0.06,0.203
F12,Tetrazolium Blue,0.032,0.064,0.052,2.622,2.41,2.193,2.734,2.739,2.744,2.711,2.733,2.727,2.761,2.771,2.75,2.767,2.797,2.768,0.075,0.074,0.122,1.788,1.9,1.733,2.495,2.504,2.425,2.697,2.688,2.727,2.713,2.685,2.696,2.711,2.683,2.679,0.042,0.049,0.011,1.659,1.27,1.311,2.645,2.634,2.593,2.716,2.701,2.683,2.701,2.708,2.743,2.724,2.7,2.662
G1,p-Hydroxy-Phenylacetic Acid,-0.003,0.023,-0.002,-0.028,-0.001,0.003,-0.033,-0.027,-0.001,-0.063,-0.026,-0.028,-0.033,-0.02,-0.03,-0.033,-0.01,-0.023,0.009,-0.005,0.06,-0.071,-0.068,-0.058,-0.078,-0.083,-0.082,-0.112,-0.098,-0.08,-0.098,-0.097,-0.105,-0.108,-0.111,-0.114,0.017,0.012,-0.024,-0.08,-0.021,-0.056,-0.096,-0.086,-0.081,-0.091,-0.082,-0.092,-0.096,-0.088,-0.069,-0.086,-0.104,-0.094
G2,Methyl Pyruvate,-0.016,-0.006,0.021,0.448,0.47,0.405,0.695,0.664,0.636,0.624,0.594,0.608,0.656,0.632,0.616,0.581,0.689,0.633,-0.002,0.007,0.073,0.652,-0.114,0.646,0.826,-0.108,0.792,0.739,-0.123,0.801,0.742,-0.126,0.781,0.706,-0.137,0.769,-0.012,0.004,0.063,0.595,0.657,0.651,0.769,0.772,0.775,0.753,0.738,0.786,0.743,0.695,0.752,0.749,0.737,0.766
G3,D-Lactic Acid Methyl Ester,0.03,0.036,0.049,0.035,0.056,0.052,0.047,0.032,0.051,0.017,0.042,0.047,0.048,0.064,0.046,0.073,0.105,0.047,0.041,0.057,0.102,0.061,0.105,0.125,0.113,0.127,0.123,0.032,0.103,0.15,0.052,0.112,0.131,0.031,0.075,0.153,0.014,0.058,0.103,0.049,0.006,0.053,0.066,0.035,0.057,0.054,0.041,0.113,0.064,0.032,0.094,0.054,0.048,0.139
G4,L-Lactic Acid,-0.01,0.008,0.038,-0.004,0.023,0.048,0.018,0.01,0.06,-0.017,0.016,0.048,0.007,0.038,0.043,0.033,0.083,0.046,0.015,0.056,0.091,0.072,0.08,0.078,0.117,0.099,0.081,0.04,0.078,0.1,0.057,0.086,0.088,0.036,0.044,0.101,0,0.014,0.047,0.017,0.086,0.064,0.038,0.04,0.046,0.028,0.036,0.095,0.043,0.028,0.058,0.029,0.048,0.127
G5,Citric Acid,-0.016,0.017,0.025,0.514,0.636,0.271,1.19,1.276,1.132,1.057,1.249,1.179,1.037,1.222,1.113,1.077,1.213,1.065,0.015,0.055,0.08,0.144,0.029,0.123,1.104,1.199,1.039,1.034,1.225,1.106,1.054,1.162,1.089,0.958,1.07,1.062,0.011,0.021,0.041,0.29,-0.03,-0.045,1.119,0.123,0.796,1.052,1.123,1.162,1.003,1.041,1.052,0.896,0.975,1.062
G6,α-Keto-Glutaric Acid,-0.008,0.041,0.055,0.02,0.042,0.039,0.031,0.023,0.046,-0.005,0.023,0.031,0.031,0.062,0.035,0.071,0.106,0.045,0.025,0.076,0.101,0.065,0.052,0.057,0.114,0.08,0.053,0.043,0.062,0.08,0.061,0.072,0.071,0.04,0.039,0.091,0.013,0.027,0.05,0.045,0.12,0.066,0.058,0.079,0.058,0.058,0.08,0.119,0.063,0.078,0.076,0.048,0.089,0.15
G7,D-Malic Acid,-0.015,0.011,0.029,-0.025,0.001,0.02,-0.014,-0.015,0.037,-0.047,-0.013,0.03,-0.017,0.022,0.029,0.023,0.085,0.049,0.019,0.058,0.083,-0.019,-0.041,-0.031,0.026,-0.021,-0.031,-0.03,-0.036,0.006,-0.01,-0.001,0.006,-0.02,-0.019,0.036,-0.002,0.026,0.057,-0.033,-0.005,-0.005,-0.01,-0.042,0.008,-0.014,-0.035,0.059,-0.003,-0.037,0.038,-0.012,-0.032,0.076
G8,L-Malic Acid,-0.011,0.017,0.027,1.1,1.03,0.774,1.111,0.979,0.885,0.998,0.943,0.922,0.94,0.968,0.902,0.93,0.96,0.863,0.011,0.06,0.103,0.679,0.654,0.146,1.026,1.155,0.826,0.91,1.121,0.896,0.862,1.03,0.846,0.739,0.939,0.81,-0.012,0.011,0.055,0.819,0.025,0.061,1.046,0.508,0.972,0.982,1.111,0.985,0.879,1.022,0.904,0.76,0.975,0.887
G9,Bromo-Succinic Acid,0.017,0.06,0.115,0.277,0.28,0.353,0.313,0.299,0.382,0.269,0.297,0.378,0.305,0.334,0.379,0.364,0.402,0.407,0.077,0.131,0.146,0.395,0.379,0.336,0.461,0.419,0.362,0.4,0.399,0.396,0.413,0.418,0.393,0.396,0.381,0.418,0.046,0.05,0.115,0.402,0.459,0.408,0.444,0.459,0.428,0.448,0.468,0.487,0.448,0.448,0.451,0.444,0.473,0.489
G10,Nalidixic Acid,-0.008,0.027,0.041,-0.087,-0.069,-0.068,-0.063,-0.068,-0.033,-0.087,-0.056,-0.038,-0.046,-0.005,-0.027,0.02,0.052,-0.011,0.027,0.066,0.098,-0.087,-0.11,-0.088,-0.058,-0.105,-0.101,-0.12,-0.125,-0.098,-0.092,-0.103,-0.09,-0.091,-0.119,-0.042,0.007,0.022,0.017,-0.097,-0.045,-0.089,-0.101,-0.122,-0.103,-0.095,-0.117,-0.045,-0.067,-0.107,-0.062,-0.099,-0.124,0.02
G11,Lithium Chloride,0.156,0.119,0.211,0.46,0.348,0.007,0.565,0.482,0.099,0.512,0.478,0.094,0.549,0.505,0.107,0.606,0.542,0.118,0.049,0.163,0.238,-0.07,-0.093,-0.069,0.004,-0.038,-0.01,-0.015,-0.041,0.007,0.002,-0.039,-0.011,-0.003,-0.047,0.025,0.033,0.03,0.215,-0.082,-0.038,-0.051,-0.056,-0.097,-0.021,-0.038,-0.087,-0.015,-0.051,-0.089,0.022,-0.041,-0.104,-0.013
G12,Potassium Tellurite,-0.011,0.032,0.014,-0.086,-0.061,-0.067,-0.067,-0.05,-0.069,-0.083,0.017,-0.057,0.283,0.098,0.022,0.623,0.231,0.629,0.022,0.025,0.086,-0.07,-0.087,-0.054,-0.042,-0.054,-0.027,-0.002,0.022,0.058,0.129,0.109,0.093,0.279,0.579,0.51,0.004,0.005,-0.026,-0.089,-0.04,-0.077,-0.032,-0.112,-0.039,0.05,-0.082,0.023,0.087,-0.062,0.1,0.318,-0.025,0.116
H1,Tween 40,0.021,0.004,0.024,0.558,0.689,0.561,0.787,0.857,0.809,0.798,0.899,0.775,0.769,0.838,0.762,0.694,0.856,0.734,0.027,0.029,0.069,0.529,0.624,0.538,0.755,0.723,0.771,0.742,0.78,0.78,0.759,0.796,0.772,0.72,0.764,0.738,0.018,0.024,-0.007,0.537,0.01,0.446,0.74,0.538,0.754,0.768,0.752,0.754,0.745,0.747,0.766,0.745,0.743,0.703
H2,γ-Amino-Butryric Acid,-0.014,-0.019,-0.003,0.009,-0.006,0.033,0.011,-0.024,0.018,0.016,0.014,0.022,0.041,0.014,0.024,0.065,0.018,0.044,0.022,0.044,0.057,0.089,0.166,0.06,0.092,0.174,0.047,0.073,0.172,0.062,0.083,0.161,0.041,0.081,0.157,0.035,0.003,0.006,0.036,0.087,0.042,0.085,0.08,-0.006,0.081,0.091,-0.002,0.094,0.088,0.019,0.119,0.083,-0.004,0.079
H3,α-Hydroxy-Butyric Acid,-0.01,0.033,0.021,-0.027,0.004,0.013,-0.017,-0.023,0.01,-0.043,-0.022,-0.003,-0.027,-0.013,-0.014,-0.022,-0.005,-0.011,0.004,0.034,0.073,0.011,0.019,0.02,0.016,0.023,0.026,0.002,0.023,0.042,0.014,0.018,0.018,0.006,0.015,0.012,0.007,0.005,-0.001,-0.005,0.01,0.035,-0.012,-0.028,0.029,-0.003,-0.025,0.029,-0.003,-0.005,0.056,-0.006,-0.025,0.016
H4,"β-Hydroxy-D,L-Butyric Acid",-0.017,0.004,0.002,0.037,0.034,0.041,0.008,-0.008,0.008,-0.003,0,0.008,0.03,0.019,0.024,0.055,0.033,0.025,0.009,0.042,0.067,0.068,0.082,0.086,0.083,0.102,0.098,0.07,0.108,0.123,0.099,0.114,0.101,0.052,0.092,0.093,0,0.005,0.06,0.02,-0.003,0.068,0.05,0.008,0.081,0.034,0.008,0.089,0.03,0.045,0.114,0.059,0.023,0.068
H5,α-Keto-Butyric Acid,-0.002,0.018,0.025,0.115,0.133,0.054,0.438,0.476,0.435,0.602,0.673,0.652,0.684,0.721,0.711,0.703,0.762,0.714,0.009,0.085,0.151,0.027,0.15,-0.008,0.343,0.434,0.135,0.534,0.588,0.45,0.599,0.611,0.56,0.601,0.612,0.564,0.019,0.02,0.021,-0.046,-0.03,-0.029,0.185,-0.032,0.181,0.336,0.064,0.476,0.404,0.099,0.536,0.522,0.285,0.549
H6,Acetoacetic Acid,0.012,0.031,0.033,-0.636,0.241,0.239,0.221,0.208,0.238,0.211,0.225,0.238,0.236,0.24,0.244,0.245,0.248,0.248,0.007,0.07,0.097,-0.049,-0.022,-0.025,-0.006,0.023,-0.003,0.078,0.054,0.002,0.135,0.168,0.063,0.091,0.129,0.132,0.026,0.02,-0.018,-0.043,-0.005,-0.035,-0.011,-0.072,-0.03,0.024,-0.065,-0.032,0.143,-0.069,-0.003,0.149,-0.086,-0.042
H7,Propionic Acid,0.001,0.063,0.052,0.01,0.02,0.019,0.193,0.111,0.098,0.278,0.213,0.261,0.376,0.263,0.335,0.509,0.438,0.42,0.024,0.081,0.079,-0.024,-0.029,-0.016,0.097,0.082,0.025,0.105,0.116,0.045,0.125,0.12,0.037,0.126,0.108,0.02,0.011,0.019,0.026,-0.022,0.005,-0.029,0,0.009,0.016,0.033,0.068,0.026,0.03,0.074,0.051,0.048,0.075,0.019
H8,Acetic Acid,-0.011,0.008,0.019,0.546,0.636,0.41,1.022,1.119,1.08,0.881,0.877,1.062,0.795,0.872,0.926,0.748,0.791,0.923,-0.002,0.08,0.07,0.483,0.405,0.433,0.949,1.017,0.968,0.96,1.036,1.034,1.021,1.007,0.974,0.922,0.918,0.846,0.017,0.036,-0.016,0.318,-0.015,0.027,0.929,0.038,0.877,1.004,0.898,1.01,0.946,0.93,1.031,0.928,0.932,0.88
H9,Formic Acid,-0.017,0.003,0.002,0.251,0.254,0.094,0.465,0.43,0.428,0.474,0.49,0.459,0.504,0.491,0.47,0.552,0.509,0.463,-0.002,0.046,0.077,-0.081,-0.091,-0.063,-0.07,-0.083,-0.055,-0.106,-0.101,-0.066,-0.091,-0.11,-0.088,-0.07,-0.097,-0.067,-0.013,0.002,-0.031,-0.078,-0.036,-0.069,-0.081,-0.114,-0.072,-0.077,-0.114,-0.054,-0.067,-0.109,-0.042,-0.078,-0.105,-0.063
H10,Aztreonam,-0.011,0.02,0.027,0.07,0.104,-0.059,0.142,0.165,-0.033,0.126,0.181,-0.026,0.161,0.199,-0.009,0.207,0.211,0.004,0.006,0.068,0.103,-0.074,-0.079,-0.06,-0.036,-0.041,-0.04,-0.03,-0.018,0.242,0.01,0.003,0.622,0.036,0.016,0.907,0,0.008,-0.026,-0.097,-0.041,-0.076,-0.09,-0.113,-0.074,-0.074,-0.104,-0.068,-0.085,-0.107,-0.033,-0.072,-0.121,-0.063
H11,Sodium Butyrate,-0.012,0.021,-0.001,-0.064,-0.042,-0.069,0.231,0.066,-0.039,0.252,0.226,0.389,0.336,0.244,0.463,0.601,0.318,0.477,0.012,0.04,0.092,-0.075,-0.091,-0.073,-0.01,-0.019,-0.033,0.047,0.077,0.042,0.287,0.363,0.097,0.492,0.53,0.216,0.009,0.019,-0.025,-0.094,-0.042,-0.078,0.074,-0.086,-0.004,0.549,0.209,0.421,0.777,0.662,0.739,0.794,0.745,0.735
H12,Sodium Bromate,-0.012,0.004,-0.023,-0.023,0.002,-0.05,-0.035,-0.034,-0.039,-0.051,-0.026,0.09,0.014,0.052,0.073,0.024,0.087,0.113,0.006,-0.013,0.044,0,-0.01,-0.005,0.069,0.015,0.034,0.056,0.006,0.028,0.089,0.012,0.02,0.29,0.149,0.025,0.019,0.006,-0.025,-0.076,-0.04,-0.05,-0.05,-0.105,-0.03,-0.054,-0.107,-0.059,0.074,-0.118,0.054,0.234,-0.132,0.059